x1,x2,Class
11.37333245512611,9.472580543032999,0.0
10.77453452352898,8.762835299068621,0.0
9.438123653731141,10.320971083268766,0.0
12.167937070050156,10.747963329337832,0.0
10.273827090666568,9.829916437314152,0.0
8.67755702865775,10.602863002287345,0.0
9.650906303416768,10.239044705630445,0.0
9.110669086025485,10.121254953703579,0.0
8.462971133060439,10.503906219189702,0.0
11.319725911971926,10.913950814879117,0.0
12.113823759119445,10.324553515929074,0.0
10.505363441512554,10.514864837855844,0.0
9.120270198387775,12.153233469262952,0.0
10.9885780844086,9.757173578525817,0.0
9.097168257496218,10.581509283241456,0.0
10.857547553590395,10.137884867909827,0.0
10.186074517113353,9.811883166569034,0.0
9.997252604272026,11.335141327718631,0.0
11.40061788580469,8.499823116505208,0.0
10.138878874536172,8.795898650330297,0.0
8.664304548301391,10.585952786519506,0.0
9.15843066202351,6.846642549808951,0.0
10.645152653128578,11.28214183008932,0.0
12.03877713957856,9.603706708157357,0.0
11.445445308012896,7.3789883641920015,0.0
8.956600393096315,10.518969371408346,0.0
10.471534268087284,11.32041791273182,0.0
10.956689489632062,9.9184299803483,0.0
11.529247863401434,10.686482640131645,0.0
11.717088733056324,9.195723007276786,0.0
10.300253676320189,9.570404326099675,0.0
10.80591330733859,9.780447832905834,0.0
9.748147802749918,8.673510352223213,0.0
10.3082041338364,11.115489374094809,0.0
11.008195610910262,6.983968014790701,0.0
8.380354306179344,12.005140525546592,0.0
9.812373650888773,9.851058770855525,0.0
11.165335441139208,10.196645294966904,0.0
9.367409857610431,9.790153051473082,0.0
11.897160687385881,8.61860884687813,0.0
11.301224837729162,9.687607884808564,0.0
9.72877128487974,11.862913089773471,0.0
9.357126405080368,10.835058365361148,0.0
9.636946549205309,8.567932973851093,0.0
9.833980130305335,11.16892637432787,0.0
9.814107822377755,10.54942182698018,0.0
10.188553315280164,10.04683135799744,0.0
9.582502177265836,10.131782300517523,0.0
7.967106548000201,9.551678344375047,0.0
8.196056374684098,10.26969884680977,0.0
10.35466048639592,9.203934750504672,0.0
10.801307608457432,10.395830551136148,0.0
10.293572087248258,9.63859613946486,0.0
10.47279300368474,11.054207035635766,0.0
9.339556809239847,9.18315557413981,0.0
11.18901075705839,7.681571522312594,0.0
7.3827099056120655,8.185272912432737,0.0
10.18174102982953,10.152374207318905,0.0
10.49650503835828,10.075977290422722,0.0
11.537379807730998,11.575783445862164,0.0
11.159010638862956,8.844199728512464,0.0
10.363577885990445,9.133797319299058,0.0
9.499289634406473,8.976637798513153,0.0
10.010712426627732,10.544124083587553,0.0
10.078692049840686,8.806631309637073,0.0
8.473964812017398,9.237915194754867,0.0
9.222361642624053,10.784273167107084,0.0
9.68071914125168,9.811333661094881,0.0
9.843064933017175,11.096848147856141,0.0
11.636115122159953,10.42705853717418,0.0
9.751694166813076,11.40250152628564,0.0
10.438241393017533,9.578903114934187,0.0
11.010573711297539,10.2072299460115,0.0
8.565969271047916,10.626906305970296,0.0
10.29982520177529,8.143358577775933,0.0
7.848956844796042,10.136301005370273,0.0
10.68335625457927,10.608580050127696,0.0
8.639020226095443,9.652990050888414,0.0
10.666589919028588,8.464247791208109,0.0
10.085282982179146,10.213329269397654,0.0
10.923755969063965,7.546108069668733,0.0
10.144987327001106,12.018121852340364,0.0
9.378792661208925,9.68376067236778,0.0
10.953992230218349,9.236857398917323,0.0
11.156954884598026,10.540533161244612,0.0
8.425926574866267,10.100593417679725,0.0
8.541018041013022,10.952547818431494,0.0
8.319325527228688,8.188246285280862,0.0
8.862695588725888,9.196927333846523,0.0
11.314940787518026,9.981742464825953,0.0
10.291004542370391,11.074899748545104,0.0
9.30219009987327,9.421674282980215,0.0
9.152547462150288,10.784904647387373,0.0
11.633276209579037,10.258742494312264,0.0
9.376720006288483,9.479638972863306,0.0
8.887685709793592,10.731145369558563,0.0
8.937071237627649,9.745366934534397,0.0
8.831038655200768,8.10053690037855,0.0
7.460044596694326,9.110038489678963,0.0
10.21807849778617,9.682184433685219,0.0
9.77642511254478,8.9286201196133,0.0
9.068318437840363,8.932297657105645,0.0
10.21123366116004,12.047654837143558,0.0
9.863627490243502,8.630719594786676,0.0
11.272623331294493,9.001433585210796,0.0
10.557532641377321,9.557344590329848,0.0
10.081083205797926,13.432663431795559,0.0
9.2524737314204,9.413319560302543,0.0
10.375235451102576,9.978053236168728,0.0
9.593929098804512,9.311592456831407,0.0
10.590493866200305,11.07737656762638,0.0
9.04791592835118,8.863566898682304,0.0
11.829906238047156,8.57484382773762,0.0
10.715333449104774,10.439127373218803,0.0
8.897030451075628,10.759493592995094,0.0
8.896783653726914,8.910448901536958,0.0
8.610449761529484,10.834283205251758,0.0
9.550654152447606,11.085251320369943,0.0
9.189859969356291,10.614662586125355,0.0
11.407410594657888,9.913986486906863,0.0
8.874547253749801,9.65742905768762,0.0
11.256737470881333,10.739093836242624,0.0
9.614011906471255,8.255627625446108,0.0
10.715536785056718,11.630906254080374,0.0
11.648594077051085,10.432790199634539,0.0
9.808970828600392,9.213878729759832,0.0
9.427398182689366,8.350249695985328,0.0
12.134551558912664,9.97303561071697,0.0
12.384405138467876,9.925502584626813,0.0
8.381682068390024,11.86156510227749,0.0
9.140172976132494,9.562091788984512,0.0
11.648551089995607,11.458773210766271,0.0
7.97379358416614,10.001054769941828,0.0
8.910464994898524,10.53913822207056,0.0
11.812177091595016,9.482510177538025,0.0
11.493222800654054,9.071355724620648,0.0
12.172270515821458,9.174346109069468,0.0
9.536662032163669,10.29695736775731,0.0
8.59940555333135,11.549608853211263,0.0
8.92998309587089,10.613951564079821,0.0
8.710869960525079,10.10978294611235,0.0
9.989473824578985,9.611759093010793,0.0
10.489219193756492,8.88316774276375,0.0
11.521865766667498,10.202447356913979,0.0
7.208555962078167,12.005561575887981,0.0
10.452713622236363,11.553565221562106,0.0
9.823063442774629,7.737384673654397,0.0
9.580282130087161,8.773930038760284,0.0
9.96151753771522,9.51727313763445,0.0
10.209012280070036,8.235591919369282,0.0
10.05378240442708,9.540418166827632,0.0
10.633508870778593,8.307697451149615,0.0
9.574929024244414,11.658399339807927,0.0
8.818937102262202,10.738053685359302,0.0
11.330506115194856,9.989910231643472,0.0
10.98851064221914,11.041439634377143,0.0
11.569755509912193,9.632167798634113,0.0
9.88770091661266,10.804122851020473,0.0
9.254355950329765,10.048050706666464,0.0
9.301429337950147,7.670958877572994,0.0
10.33491514376706,11.702430046907942,0.0
9.62793531899004,10.08429739091029,0.0
9.546895048622066,9.259036657393642,0.0
10.136104463885474,11.072931097996793,0.0
12.215843335847918,10.826476557068435,0.0
9.038636197438546,8.572984371288372,0.0
11.306830585767448,10.316714991538674,0.0
9.389536756557582,8.94382786359419,0.0
9.192277633304936,11.233424909299263,0.0
9.977640627977152,8.5995300228756,0.0
10.872578989731725,10.310102596131701,0.0
9.708867829205662,10.607715248472289,0.0
9.172316042726997,10.963904597441958,0.0
8.575139098345634,9.096557273640505,0.0
8.623116958994128,9.5834409401261,0.0
9.242548966596841,9.637354081232575,0.0
10.004767831776313,10.554252539908761,0.0
10.146532072765075,10.251859703253503,0.0
11.604323943116341,9.73350943909391,0.0
8.541664060636036,10.951381812479946,0.0
11.835869545539929,10.187288694139657,0.0
10.839534222786215,9.344383312853655,0.0
10.185675353758885,10.637025318794858,0.0
10.378575576795829,9.460302347186815,0.0
11.630629792139036,10.172816084103658,0.0
10.930198205540387,10.40577898662855,0.0
10.873674222667006,10.933253296585997,0.0
9.783844850600468,10.833678812862525,0.0
12.160455726859277,11.998992013897109,0.0
10.76404142004811,11.687255223155201,0.0
8.692028656336312,11.47239630672857,0.0
10.074876097888668,8.213064596220217,0.0
10.165210586529254,10.976296298081268,0.0
9.303972328703844,11.93713158062431,0.0
11.34922767826271,8.724886135329836,0.0
11.00909026267215,10.111972687496529,0.0
9.448319756188988,9.68336835741454,0.0
9.555004997284083,8.78372897741786,0.0
9.551676893277417,10.692688911634514,0.0
11.42594202749755,11.458338336752492,0.0
9.426639270742871,9.882752322870441,0.0
9.140628683082124,11.03000248856671,0.0
8.351847081392396,8.636723442954864,0.0
9.364153301416291,10.251473444471202,0.0
9.678852019946705,10.03306390572946,0.0
10.0475346221651,10.233279727056042,0.0
8.96553701880005,9.660640229418728,0.0
10.577612335771713,10.280229155715666,0.0
11.093306633017331,9.253775724586712,0.0
10.906261413418605,11.466624740272714,0.0
9.857409708170355,10.265930144368252,0.0
10.22518943429965,10.535670589369818,0.0
10.387921114900317,11.469487707806396,0.0
10.51336493561318,10.864501703522562,0.0
10.331526730500707,8.958229717978712,0.0
10.43336035210449,9.770043977354112,0.0
9.364912580852803,9.105629356191107,0.0
9.929602919425323,9.392535898067239,0.0
12.039672265706624,11.596771898021652,0.0
9.733069704350255,10.709157171873052,0.0
11.156962497058231,9.827160628104528,0.0
11.848233367967902,10.922110368140562,0.0
9.89829088623885,8.200700870448614,0.0
9.03404479176751,10.318692542780465,0.0
9.56173605097917,9.979246738401576,0.0
9.212686458031687,10.246922731138756,0.0
9.541697961995245,8.447294125228249,0.0
9.65835674870129,9.427974112786906,0.0
8.448342360808182,11.423177186325766,0.0
9.92394903384497,9.673133921284455,0.0
10.750374811492497,9.917404761038325,0.0
10.767293626487417,8.519345380719733,0.0
8.963344132438197,10.545227590984846,0.0
11.491897360895258,10.030011526171675,0.0
10.216434264349267,9.17655609580664,0.0
9.97006412316475,9.291063286359424,0.0
9.839761884210311,10.722280123634716,0.0
8.001236055826665,10.213025726394855,0.0
9.195458414646557,9.353417784618614,0.0
11.138172769281077,10.29543966465864,0.0
10.933629628208886,8.23622528424871,0.0
9.589783180728334,9.546332875277,0.0
9.410570328748893,10.440234504380223,0.0
10.895921481170953,8.893221130118546,0.0
9.037337435620005,8.748042567592673,0.0
11.147606674606772,9.485265077931679,0.0
9.898619218799285,9.66778932058958,0.0
9.036343415098962,10.373260973650444,0.0
10.383026869757206,10.941325584549539,0.0
9.774579917641923,9.702912578776113,0.0
9.414478253222287,11.488141566773077,0.0
11.007566985398126,9.959614792116383,0.0
10.64897360602005,9.414156252626386,0.0
12.054474761985308,9.408433749733273,0.0
9.620311044549753,9.628968482105194,0.0
11.701234965343076,10.147602435986807,0.0
11.08441856343288,9.889903041681338,0.0
8.787025028823365,10.77548017387202,0.0
9.373543453669951,8.681477488595453,0.0
9.583924455839817,10.631657100990875,0.0
11.764285058812558,8.612522065505065,0.0
7.800942009031201,10.9301569973917,0.0
10.300051258949338,9.436527089426512,0.0
10.418361916633598,10.729443073780986,0.0
11.912068746537097,9.869658067717994,0.0
11.279800171630642,9.548244058404912,0.0
9.490331259386252,10.423773430194505,0.0
8.885032495804499,8.698040973984037,0.0
10.963193097140422,8.0369249320514,0.0
10.11334825517329,9.675257735959033,0.0
9.626979807684943,8.667694706483571,0.0
7.9640975649930095,9.339091523939928,0.0
8.834781997969964,9.574580975195039,0.0
10.08803609612488,9.25823976849746,0.0
8.927474698009043,10.290041364355504,0.0
9.238165309421552,9.040468177105065,0.0
9.700846729139151,10.285491436161823,0.0
12.108748429998627,11.613561551092287,0.0
8.736619058933552,8.675750782819682,0.0
10.064717372187552,10.556998940172498,0.0
9.868294437425709,12.172332796255425,0.0
11.177070220220244,11.640057367649073,0.0
9.582129382218094,9.103120413583882,0.0
8.92971170840392,9.886218435686251,0.0
8.741650082717017,9.366207946303314,0.0
9.569230260607732,10.944284729199289,0.0
9.527124440970447,8.592935889502478,0.0
9.552526727270363,10.188582912377706,0.0
10.560918058413346,9.078340945486206,0.0
10.647375115851407,11.386825593941044,0.0
10.489516618141787,10.23879585752295,0.0
9.551888193906484,9.389204997151587,0.0
7.970054930814712,10.607946586089135,0.0
9.64589111644031,10.152581490121495,0.0
10.50127484904084,9.213597229304638,0.0
11.016995685672569,10.113110581874029,0.0
11.496995247661273,10.168937667856271,0.0
10.318624695320002,9.726622861604381,0.0
11.476413992844696,7.896507218198173,0.0
9.467168038879446,9.694946006051955,0.0
8.469579264894717,9.205297348241093,0.0
7.827877289534985,10.190387237274637,0.0
8.59477245592373,10.36986047372036,0.0
9.738218304038686,9.167286487215213,0.0
8.446217390002849,9.31715215554826,0.0
10.31062382021547,9.874552806133428,0.0
10.666243799286097,9.211669731477512,0.0
11.605993521565479,9.762046583635472,0.0
9.154804570935758,11.310159231391461,0.0
11.357566477962965,9.909830682910567,0.0
9.515697883333486,10.910074638935635,0.0
9.105863031836606,10.935191541792802,0.0
8.61281948003921,9.916606727096626,0.0
10.011755507193218,11.208099461140549,0.0
8.170780366250103,10.234436721967876,0.0
9.879289533223988,10.002908287158089,0.0
9.115894454198205,8.698105169509393,0.0
9.536862938249328,9.758336215329738,0.0
11.475183478308825,10.11138164353145,0.0
9.995723745329236,10.698346292614392,0.0
8.38814535909221,10.722566447151028,0.0
10.915376141307476,10.907143867554618,0.0
9.667005937720022,8.764750004069649,0.0
9.0150714944054,10.24745386894672,0.0
10.5367648452373,11.276549775514097,0.0
11.521434045014498,10.87124828088928,0.0
10.033928798391402,10.264919956710202,0.0
9.764687630245218,11.054868452171489,0.0
10.594271549336138,10.215859672360606,0.0
8.744399461960132,11.0466613849578,0.0
8.473113634376286,11.231782187380542,0.0
10.984629503976734,8.412931179913777,0.0
9.951535663957129,8.758605740071294,0.0
9.855380680127231,10.555169973519098,0.0
9.863361900293222,8.636131975379564,0.0
10.260827277189271,10.259487706566421,0.0
9.972765189439505,8.95486102520719,0.0
9.650218337968704,10.268527168418375,0.0
9.844950178698337,12.112622119306337,0.0
10.256079437451964,9.79323866594163,0.0
10.482597951524157,8.894567646772272,0.0
10.420755199853076,11.616794227523432,0.0
9.116228681426657,10.298835019068436,0.0
10.767113096444822,8.306651291927896,0.0
11.638888930718865,8.955001810931787,0.0
9.664945942363433,10.380672177638116,0.0
9.767397115919003,10.802936667116462,0.0
10.150925416975358,10.56975129100467,0.0
10.074973423703366,11.472001614567862,0.0
7.984501991006807,10.364094246613739,0.0
9.699384872199257,9.040967383019286,0.0
9.18838998942716,9.428020021820544,0.0
10.578410536732802,9.103869563753516,0.0
9.836816423638583,10.27524887011579,0.0
8.844208348900711,11.112348652586642,0.0
12.42158930393763,9.32598269279352,0.0
10.919447184418216,9.690320519580284,0.0
10.533367456426957,9.81829480451372,0.0
12.208661629981108,9.675668184383166,0.0
10.793930409142813,10.607366152617693,0.0
8.916039863115353,7.839730586950699,0.0
10.579087215750036,10.844518439576882,0.0
9.463294581792729,9.366625332462345,0.0
10.976803255562137,10.852833424912799,0.0
10.95587664736448,10.26140203554022,0.0
9.211723538877706,8.7820266203054,0.0
8.006863454267725,9.942318242095663,0.0
11.919168758793532,10.477894556038335,0.0
9.920259756460208,8.479253783367097,0.0
9.332069933429093,10.004938775623547,0.0
9.777780524321994,10.90833969016925,0.0
9.841393230106352,10.695305995239355,0.0
9.885781739868625,9.810232833556283,0.0
11.25913352959976,9.248022565789059,0.0
9.716947132078545,8.707262597375493,0.0
10.096739354596737,11.069501001033789,0.0
10.681401910133605,10.734011809918908,0.0
11.053042376022674,10.62521818696731,0.0
10.7582594321492,10.403724077077616,0.0
9.024611454628857,10.526095099667229,0.0
10.945886374824104,9.10809034478129,0.0
10.235989981032198,11.082813071571113,0.0
9.626523544611421,8.67889342634413,0.0
10.061533971862959,11.593685559521687,0.0
9.087054580722839,9.894609929594417,0.0
9.248969052821653,9.641032705942953,0.0
10.234771281050907,11.476813608626184,0.0
9.283355974031641,9.291345005771673,0.0
9.127497559611903,8.906209554512179,0.0
8.465299939787881,9.148737800989473,0.0
9.894186730523389,10.040865386528404,0.0
11.172449187520744,9.178399515427206,0.0
9.220061876007758,9.243162759477142,0.0
10.195745919054804,9.841527583339989,0.0
10.777208795111221,9.210859193183932,0.0
10.913258852594028,10.94251314301394,0.0
9.737532297931725,9.377462546390975,0.0
10.18116908947882,9.208466234520417,0.0
11.99220473567746,10.140887303111171,0.0
10.792440768563715,8.732892699497798,0.0
8.249242415209839,10.687266205183654,0.0
10.515886718955917,9.239395243086777,0.0
9.433224350197348,9.320056199223547,0.0
10.227826914860614,10.923852128005498,0.0
8.455139790059224,10.478745131166946,0.0
9.12583227912856,9.469068035697788,0.0
9.839564791923973,8.638545959851644,0.0
12.843938569739297,12.42497747453344,0.0
10.752269859024082,10.656015181418535,0.0
8.956389807414036,12.377348875883683,0.0
10.018317264871406,9.876604490001034,0.0
11.20399357908296,10.260800065585812,0.0
9.223396388791475,9.78107856950249,0.0
9.623914220747112,10.064655693369671,0.0
10.554457538874445,10.532758903842835,0.0
11.30120189178625,9.995896935784733,0.0
10.95806851826606,11.706661841482141,0.0
8.773977392202223,10.71257056349051,0.0
8.927667889807497,8.49292440929185,0.0
11.584662039587435,11.135483968796024,0.0
10.523372943912804,9.523068602355647,0.0
11.503561224110296,8.63283227496116,0.0
10.067392919818893,10.485177553662547,0.0
11.287126933203115,8.473572300626437,0.0
6.9358586438949,10.115370313286267,0.0
10.317427155344367,10.173680272677082,0.0
9.122753138688388,9.955839200159827,0.0
8.459920928658521,10.420593391685113,0.0
10.892588395830451,9.267968115394813,0.0
7.996058232174903,9.870218289744862,0.0
9.801499680599301,9.919393005673758,0.0
11.303575451457602,10.138595479118532,0.0
12.0841228476909,10.380743453309888,0.0
8.91276632933274,11.13361345827846,0.0
9.909655632388661,9.511229142668295,0.0
10.279401351221667,10.114783811400633,0.0
8.441405807182896,9.15048122358519,0.0
11.15200657001465,10.175927892459843,0.0
10.63898595369321,11.020152644515353,0.0
11.792613071632507,9.360903499803207,0.0
9.296604941474012,9.075490405451669,0.0
9.399549458444195,9.087413232870453,0.0
9.984999267502184,9.891767231078935,0.0
10.58123827172091,8.809348766439124,0.0
9.346175476686735,10.359461065651288,0.0
10.698647977584411,7.683382689581778,0.0
9.397929377644742,9.746379610406022,0.0
7.958845820662796,10.448700356773163,0.0
11.204127526258809,8.05690058769708,0.0
8.435071232027376,10.952182126740412,0.0
11.135339228119035,8.727224362534844,0.0
9.012379287295937,10.659418806735681,0.0
9.756976268306445,9.478683569225977,0.0
11.594137379633441,10.297799038460969,0.0
8.18055115779553,10.253313905722793,0.0
8.59474233999,10.742056579716028,0.0
10.98199365771916,10.43856199808904,0.0
10.927819852939582,11.964279457255708,0.0
10.726679966035482,9.628040059161245,0.0
8.906696091231,10.22445073469377,0.0
8.964961829729246,8.561254726909524,0.0
9.538150495058954,8.22168187486833,0.0
8.69952621707402,10.501156390997602,0.0
9.524744726635378,9.693365619297397,0.0
9.97408390134184,8.04580818427455,0.0
10.186223745518214,9.996170056933522,0.0
9.954793530289681,10.342846310595283,0.0
7.835072430593797,11.911829512041216,0.0
9.696648885222933,8.565786283010892,0.0
10.111529878539814,8.728832276910598,0.0
10.066392699845691,10.540602232091038,0.0
8.68110317256678,10.845426429123881,0.0
10.131092199674972,10.349083684214653,0.0
10.404068105147719,10.51243414680568,0.0
11.120361799575134,10.860454447778594,0.0
10.486910353473784,9.235660373730402,0.0
10.286331102469207,9.442166045594146,0.0
8.551247726328429,9.958623124788973,0.0
9.08718990324924,11.13514138578654,0.0
9.962290805799572,10.04526256872071,0.0
10.77520611859306,9.581876078083203,0.0
9.743405141589571,11.164671162298935,0.0
8.616321398432081,9.133044781567852,0.0
9.866306127760655,10.784789191060318,0.0
10.249792473948899,8.842483162275439,0.0
9.080226029475526,11.694460019797937,0.0
10.316269281390392,9.381558777586152,0.0
9.515722479427072,13.74024890370459,0.0
11.340271910329305,8.36352598905474,0.0
9.541225024457946,10.722822683400253,0.0
9.724518917035274,11.139053295500416,0.0
11.76424957903857,10.007560395037315,0.0
10.294739514861943,9.831337713256042,0.0
10.882799066106527,11.499925163502086,0.0
10.93439537398185,8.917022394288196,0.0
10.754363069824105,9.421246066670443,0.0
11.748361966154716,10.476283815706983,0.0
11.058128734316407,9.978940613916166,0.0
9.967662087759923,10.430777632761806,0.0
9.969198687938691,11.578913904941558,0.0
13.301975566716413,2.574632091930953,0.0
4.497499599347314,15.438542921460968,0.0
2.1908343443253697,19.035515565141875,0.0
19.580178751483803,11.255610993788498,0.0
16.299893194119697,13.77110399516296,0.0
5.70767064899062,0.526957577399656,0.0
11.71656768855842,19.781513710158936,0.0
7.601424105575825,6.36914239627365,0.0
3.526760815397314,0.47807558732438693,0.0
8.376702861049857,16.17128300948777,0.0
5.943755883934552,19.465051035341364,0.0
0.33248213065811827,14.751770198333622,0.0
7.74736613997619,0.05471612090800715,0.0
18.418260076095045,1.2672102274807062,0.0
16.564005174148974,11.685388104551615,0.0
11.48149510393102,6.714302155112062,0.0
6.372937295607651,17.636669615035935,0.0
4.625285897708751,17.473387387138768,0.0
19.120391672618677,19.75037817408883,0.0
11.292201981374234,14.316639381451875,0.0
4.352106071182462,17.53767399617303,0.0
4.989641021972457,6.393002237241053,0.0
19.191924050618383,2.2235390383961207,0.0
4.77628266592784,17.307282115647595,0.0
2.1342817671107572,6.0694519592305,0.0
3.6792387950533834,8.386645963337724,0.0
15.32449613835838,12.920605141431453,0.0
14.175285118625228,12.101982683110252,0.0
8.758838495542475,8.418461690297597,0.0
15.876090142328502,7.723010237411872,0.0
10.35025384285239,2.453620837180126,0.0
8.271963222582139,10.677237686068333,0.0
2.3488387245517917,4.65708194487992,0.0
17.678221318726987,15.096157022009226,0.0
5.511864288206336,13.497411683290002,0.0
12.325214466597208,1.438539296184289,0.0
19.69159557921412,19.785293694716007,0.0
3.788360440875076,15.609138711486825,0.0
19.303759835860856,4.5565177378119515,0.0
13.054307368513907,0.6148563669939411,0.0
9.567436621433972,2.5590634378559063,1.0
7.054848750021481,15.244775441216031,1.0
10.930229987284559,18.572162427982622,1.0
13.193279108498421,6.515368414086353,1.0
15.944396147174766,4.649161956906731,1.0
0.2708869367825528,3.6497095282342618,1.0
14.28591027757757,19.264710453281477,1.0
5.9062793220379834,11.532692693005494,1.0
19.72805151274834,17.201755438205684,1.0
16.924834611755635,6.166899721037322,1.0
11.208023621695638,1.1287286071688185,1.0
11.955313707536785,9.076083702306034,1.0
3.841513460091146,4.142201918147443,1.0
4.52503177174131,10.379673286580903,1.0
3.080263566759023,10.759752712354711,1.0
7.556270949288835,5.885764344866258,1.0
2.2391088868316222,6.149077643676226,1.0
10.225457872685237,0.48347344429665595,1.0
12.769559108030947,8.408040278607611,1.0
2.4442475647396655,6.473788273175279,1.0
6.883927178605362,12.389802505223326,1.0
1.4069575937041567,17.195261333839905,1.0
10.515223745441384,9.852808815858314,1.0
13.005795384060107,1.6541659606377879,1.0
12.309442827502055,18.66960916668585,1.0
16.277391256189702,16.166539337095127,1.0
4.711324730048407,7.310376462715467,1.0
12.363636836808912,6.614578220502894,1.0
6.056570384652813,18.75868157489266,1.0
1.7753541215828461,7.4978868112223225,1.0
6.105229431316264,12.716044372463408,1.0
1.4271294988923233,19.706886761971468,1.0
19.171484220393417,0.7347952906097488,1.0
14.543308698538587,6.292619562975565,1.0
2.029217156480081,4.624714438829461,1.0
15.725386446971871,18.447308383025273,1.0
7.043107201930637,11.02273461102829,1.0
18.228702806475848,1.0742707681983354,1.0
9.909948694942267,15.104964989467938,1.0
17.453854459697443,13.681676426692334,1.0
4.410595894874474,13.243482068703422,1.0
7.343846518065311,19.11457549853765,1.0
7.3367388431676535,17.492031974305863,1.0
1.942653632065705,15.065029703314838,1.0
6.620288681315896,4.45331908743277,1.0
13.19419607677599,2.7602992408643723,1.0
9.330869827474812,4.417766726828116,1.0
17.584631394888625,4.110197221873042,1.0
5.393405327806966,11.359290916291158,1.0
7.096386974432976,13.260876463354395,1.0
6.407085803012245,10.548350408033045,1.0
11.034759412434152,1.1269878346894902,1.0
3.764388312125757,7.263251899062597,1.0
3.464885430163458,19.354548182161217,1.0
18.78963848416909,13.910231508102182,1.0
7.5329542749266,7.394795590830306,1.0
11.741962697660997,13.43252297204667,1.0
1.103041700376477,5.302193879469255,1.0
2.817159937987337,1.5495512800592381,1.0
1.9271710372248663,10.561342785112164,1.0
16.242311359162926,5.795382517037854,1.0
2.0629356516692843,9.633037913083273,1.0
10.326320913590983,18.039891890986468,1.0
3.111557959841482,13.034807334974479,1.0
5.576335108576971,14.46638271251894,1.0
17.6520400500614,2.051730504542708,1.0
12.631875302618212,9.593161715854153,1.0
19.2732542042614,8.086837807789149,1.0
11.99428731231986,12.937144855033697,1.0
0.1903943243311601,5.75470269109916,1.0
8.312820110408431,7.661294244351331,1.0
0.44883508717359577,19.62033583901974,1.0
6.279686560938929,2.296211355705333,1.0
9.632498614414835,3.9981572612275174,1.0
11.50918682247616,4.780923286915408,1.0
4.773004058578598,13.933084008804608,1.0
11.165731568953037,14.27376182641003,1.0
7.898402682144678,15.695098731513383,1.0
10.13164375013854,7.620887496557018,1.0
3.9193402908504305,17.048065753151086,1.0
3.135032200068626,13.946930791779783,1.0
15.090340152047727,14.265197951534729,1.0
6.599464576110387,16.439772886301412,1.0
12.883913850764328,12.578488766816251,1.0
11.309111931810838,8.444552456965972,1.0
17.99061831772142,0.6159762232934662,1.0
17.6136723581403,11.909113265780046,1.0
8.862228006535668,11.275271390036512,1.0
4.0947017298451405,12.016160430982383,1.0
12.643847505836517,6.457069373531434,1.0
12.736719506931003,11.097639536893842,1.0
13.848350067572055,3.4331260856817347,1.0
18.149464054696,12.997188524189838,1.0
15.65161956089197,1.433469473818323,1.0
12.505818717116936,17.501542675994887,1.0
12.019311907961796,4.3227590029319884,1.0
4.255180721362841,5.876891411565053,1.0
13.02730723995736,17.69473837278869,1.0
16.29000341553209,17.671841800513707,1.0
18.44644961705793,16.72534432302826,1.0
18.33300224161865,6.538712338124942,1.0
11.221976117452732,18.046892784091334,1.0
5.196679514809754,15.436045915497722,1.0
6.675949136474333,13.161659619715099,1.0
19.955247311376407,17.996061476449363,1.0
10.511955764356387,15.662629445256734,1.0
16.31813345675645,8.494990183661766,1.0
11.940323755691441,6.485104482541777,1.0
10.138607746566532,7.877562755403011,1.0
6.970792306113955,1.2282430811632872,1.0
10.755410564626048,7.268617860523938,1.0
0.1346941398840662,7.06087371689879,1.0
17.533716131931477,17.312489751148547,1.0
11.229729630653587,17.774000990605245,1.0
0.4856285064935717,19.26104173724816,1.0
16.36349490662331,6.563984952292685,1.0
2.7070878172414647,13.866403115819285,1.0
0.6127739618173944,12.661325357914281,1.0
9.246708082702316,4.848874911798964,1.0
19.213133905739927,17.399752526853568,1.0
1.872284969279805,4.282038315392597,1.0
1.311970322700864,14.954280053015603,1.0
17.59871152443847,2.893278710284579,1.0
16.42744083086577,2.136393124792233,1.0
16.39938844490168,14.406444202470885,1.0
9.356360956307434,10.526362320894211,1.0
8.54984189121061,8.858316626725102,1.0
8.021366108689922,15.56361135509141,1.0
11.64430084278614,7.174867055965148,1.0
14.579413387522225,17.06699197027813,1.0
15.68584004699252,19.24344994313657,1.0
13.095983751208358,19.582509871489798,1.0
11.249323293520263,5.552560045605146,1.0
8.24785216440594,8.3001407276959,1.0
6.398301240877091,14.500197686347104,1.0
5.724955856523703,17.89731868025909,1.0
5.923534368061505,14.22622220209329,1.0
13.655057323288863,15.162645655581006,1.0
15.248823643191587,17.668073039355434,1.0
11.952395739799524,7.338964763002336,1.0
4.457277845071217,10.850898832943145,1.0
3.887900410094458,10.695399511654916,1.0
15.313722375415077,12.951651604085903,1.0
19.57387637950091,17.903677594482556,1.0
0.31819923185125054,12.01654952252267,1.0
4.977962839651595,19.398770754320076,1.0
15.846257435414957,14.642711095304964,1.0
14.383305955067096,8.30582983109165,1.0
4.919599154788696,11.622769203281786,1.0
11.097847621516905,18.446415648340878,1.0
11.711715881980414,12.370007678539466,1.0
14.427685532944592,14.19857206836724,1.0
9.273474224254022,13.2258406418896,1.0
8.096969430454454,6.722928777991253,1.0
6.160189416417792,4.066697102453965,1.0
4.766178168136454,8.156259252008407,1.0
1.850067163012079,3.015396122634675,1.0
12.917667748352846,16.526670954420307,1.0
13.391408970804724,14.209212270016282,1.0
13.746869478336944,8.021123788210318,1.0
0.06291440928744896,3.427653921766416,1.0
8.765060650419723,17.51598679772099,1.0
2.451067298227263,12.781278120760547,1.0
10.532186714126148,19.93205639963093,1.0
19.594792418037486,2.0219577919549048,1.0
9.985540219266761,4.896967182645248,1.0
7.492999585470415,1.673098683261236,1.0
16.27679984789191,14.894835515193893,1.0
19.36402876489399,3.191506189140847,1.0
5.742467550575907,17.633190678700313,1.0
16.06000079493002,9.82959053077795,1.0
19.922828747265395,10.523385253370261,1.0
2.2364847950321565,0.8504057758200845,1.0
10.62094709174444,12.28107271463254,1.0
16.270531589700006,4.552295781901345,1.0
7.5258836731379635,4.270081786940311,1.0
8.915490525494505,17.906371378483833,1.0
15.018051193291333,17.760266979939836,1.0
1.9669275789684049,0.1053036865263901,1.0
7.210526099929218,16.64607919172204,1.0
11.274125105729116,18.04597680039112,1.0
4.7717119188516754,10.238953161849473,1.0
16.79907543444066,13.123476361027741,1.0
15.317019845798788,15.355713678668945,1.0
19.310851591846774,13.708799495051366,1.0
10.459761500274574,9.182328392853584,1.0
2.1304931598118615,11.469044639654165,1.0
18.73234046122974,11.48118863460878,1.0
16.684719789926984,16.842610400485093,1.0
10.888363220064752,4.808834152382877,1.0
16.726045547708082,15.144529325314078,1.0
17.633818387078847,16.246742194366675,1.0
15.521622747337954,15.940647222899496,1.0
11.425079540848348,16.154156379839687,1.0
12.305974429321648,16.58560044773109,1.0
16.887813652867173,8.350315026044788,1.0
12.444332726278676,12.357734712010853,1.0
4.1295991837526325,15.10491032293717,1.0
13.829768471079396,15.395311386833669,1.0
10.640275001547632,19.17209245851072,1.0
5.26494117800379,19.5015055118401,1.0
0.015730830592728395,11.294691838180814,1.0
4.709955225998272,9.31478137483811,1.0
13.471333959520639,16.71050653372843,1.0
17.566403993618895,4.39921847913314,1.0
16.614051384811354,15.327961789217879,1.0
2.162147711770208,3.840231982535476,1.0
1.422499590456765,11.832551319061348,1.0
15.231846237580102,12.136629132511343,1.0
5.6966674423661345,8.836876056043536,1.0
5.436061049932426,17.29101305615995,1.0
0.040006012168634086,10.869643722835391,1.0
1.9707802128110607,9.854594218491531,1.0
2.7119409478470624,8.362512713401145,1.0
3.187204124583931,1.2445036677270438,1.0
8.906272052307305,7.242989198537886,1.0
16.282716294476405,1.8563071638827777,1.0
16.245962307368952,11.312769993521098,1.0
18.199792433648962,12.810032631151813,1.0
8.871840772406674,15.355645252363194,1.0
14.174210158900266,12.650705126882855,1.0
9.766682362408973,3.7412151035092522,1.0
0.9968511626904197,15.004879015582326,1.0
1.6086286793909421,10.977188008615729,1.0
4.918846704322782,2.043407186687798,1.0
19.632434572460333,0.49654058375816046,1.0
13.838344585535696,5.974923847666895,1.0
5.360151637146409,13.800300585298501,1.0
14.125264891026323,18.655767008882712,1.0
13.226922687631394,19.32994401360439,1.0
0.8658032174781494,15.290961786692934,1.0
7.229751692834759,5.864983714137891,1.0
15.474559668045876,12.441382505459337,1.0
1.5704582966820713,4.621922550736512,1.0
17.687682335517433,15.013807433033435,1.0
18.617365925091164,3.3173405895905583,1.0
17.061710247797798,15.129407710482052,1.0
2.34755208201896,17.37177997860963,1.0
11.303469634038237,10.39012707172914,1.0
14.151198956644464,1.312696765170085,1.0
17.759601798803516,8.977840414915914,1.0
1.9155205859962576,16.75657222759635,1.0
16.31541169098657,3.5950530686010795,1.0
5.560326633375641,0.7711812252558992,1.0
11.845747715318275,14.653871489583647,1.0
14.395914187478393,11.260814471467901,1.0
15.540382987208352,0.8412125289846539,1.0
5.893296979977389,19.69770528116603,1.0
12.147530778977497,11.386647749674543,1.0
5.7494574840466095,11.70313345925308,1.0
19.966335005689395,15.798132837328883,1.0
16.290112158847016,18.052693413726175,1.0
8.279558325387349,1.2150147265938815,1.0
17.582843713284717,6.970264187776309,1.0
14.650022302169074,4.001837261367854,1.0
18.574938614555123,9.303030633099173,1.0
3.4322138849384842,1.8293588393122984,1.0
5.896700098417482,1.3617154847944724,1.0
1.874733521492844,6.0177886626056765,1.0
6.359620633574254,18.086905155437027,1.0
7.62377227493076,19.510839557749925,1.0
12.65425079237507,15.274400635667893,1.0
9.430398766971654,0.014818259210978013,1.0
14.35337961554094,14.70431108472468,1.0
5.38447067003429,0.43985019970049555,1.0
3.461134383643689,3.3713136451012193,1.0
7.582452055507305,0.21028016569060393,1.0
8.76162874855709,2.982539975345242,1.0
8.442531356316671,13.75011050322046,1.0
18.2713937332305,14.040337506827132,1.0
5.391340366939086,7.421548132437136,1.0
7.040868053903138,14.623816484007293,1.0
4.304193203266539,16.946084108492773,1.0
7.438460228085457,2.6071502888310016,1.0
7.79710781662218,1.7481463232348804,1.0
11.50854114223749,7.438429130278054,1.0
5.56729957244886,8.07767275102348,1.0
5.189846170156962,5.528084397207406,1.0
14.381227901130478,15.083363718888936,1.0
18.20357415145089,6.435724011047843,1.0
2.4419363912688308,16.00288623834999,1.0
3.645779414999697,18.226167085472923,1.0
2.662192897518063,10.262980150824317,1.0
13.672153656089943,8.588440593613043,1.0
4.280195454153207,1.831896043430905,1.0
12.091432066127474,5.473546076099329,1.0
4.033574696059661,17.73295629091709,1.0
16.355143873862488,4.918886825471058,1.0
6.322142645163962,12.423787737417495,1.0
13.392335293717522,9.900147916856014,1.0
2.974671256051218,1.887450718684287,1.0
6.118908941723209,17.987370627857523,1.0
5.944828906033528,1.3554166491622754,1.0
12.701598650900978,13.61404650933162,1.0
13.617610542466734,19.439962799687688,1.0
16.904972930076475,14.187475816414882,1.0
3.666938135378466,6.5181744091675125,1.0
15.20859528612877,1.4688033273599732,1.0
14.238788045587192,11.594740940946869,1.0
11.15087828154945,14.670340365061866,1.0
13.00325972631369,7.176920673070817,1.0
1.799902060653944,13.075029450206062,1.0
2.937516314451427,11.33182816396917,1.0
8.311434414332716,0.6821283479665974,1.0
14.227413766020497,18.41388906097533,1.0
3.3564232724718868,7.6001160690495855,1.0
7.779582784486168,7.588038879937702,1.0
9.958919077748522,16.92711751595342,1.0
18.700914538264172,9.685558039936279,1.0
1.1039249730901113,9.021375885266064,1.0
16.58014981897193,12.797134306886937,1.0
19.683196917975692,4.235425815776701,1.0
5.345452270397777,10.566013853945089,1.0
17.801146075481824,13.371370488314689,1.0
5.806002775508183,10.775533999658098,1.0
15.980149963932636,14.175222750161328,1.0
9.197147359984726,11.970729839262757,1.0
11.952172977537401,16.828110673995162,1.0
4.733347535302048,17.583415256028832,1.0
13.7522992432163,1.9567840606541753,1.0
2.973697322264608,5.17187989044154,1.0
11.193729980035458,1.0931231083864468,1.0
9.88657861088026,4.577837355376624,1.0
16.744119918988392,14.418334142242205,1.0
9.62937030747466,1.5709047898524497,1.0
15.694619199734586,3.1023902610007292,1.0
8.005886134715514,15.415366548515273,1.0
6.158118668618105,8.886503547455574,1.0
15.744542727552142,5.802414753846426,1.0
8.369285278228498,12.87969392545932,1.0
9.9353212242667,17.73876809096753,1.0
11.54645062648658,0.7521088075154458,1.0
16.39331475778657,13.861886890027593,1.0
11.626399492534388,13.37101448045781,1.0
8.122858053616199,17.36024197195161,1.0
3.2117365701848555,3.927440800470019,1.0
14.042226098282178,14.255852590679412,1.0
17.664656433036694,2.078022165105746,1.0
2.1675777580830435,1.132527135880157,1.0
9.324279516261631,13.61592068515738,1.0
18.6907101035807,0.4526942826728586,1.0
11.270183349503416,0.8859817760424749,1.0
10.905070282140606,0.7390604554667202,1.0
1.2695109975628571,9.308210174666725,1.0
10.70600359257675,15.157388884893422,1.0
13.090826076398761,19.84398447379875,1.0
2.9318369126628907,4.532153931081247,1.0
19.12729455293693,15.847604505410546,1.0
3.9230158388668546,15.904917283593791,1.0
13.478519871158841,17.444854186843365,1.0
5.486823068163991,6.285119805907762,1.0
2.1686166766374915,2.658501102744215,1.0
5.218016073897649,15.934031599682863,1.0
6.683036670361496,11.349266753358124,1.0
9.294637544620453,8.29307853601742,1.0
4.687128868029746,1.172833543719416,1.0
14.550077733172156,0.13113750771868604,1.0
16.14382204048018,6.3204692660916795,1.0
15.819511920938986,5.429175706657627,1.0
14.31497096782467,9.514472546207388,1.0
5.392864923220452,18.472237294043968,1.0
4.209155820813515,8.333689721213238,1.0
2.182566564828299,5.7576774175882335,1.0
7.9336220280550585,16.904930664931126,1.0
1.7453328035206561,6.138997347410302,1.0
13.107793129649504,18.311680448999702,1.0
18.99657828724837,17.26823686568445,1.0
15.11266561158304,12.776383763362132,1.0
2.3378345419678492,14.953503871474915,1.0
0.40962497436803913,3.1464559106026346,1.0
6.697776595726936,12.057485402229126,1.0
19.85752313518073,6.540745677324917,1.0
6.256634959540026,9.773561071238532,1.0
14.750155975882567,4.507709161958122,1.0
14.33058753182786,18.03915355336446,1.0
11.451151953905626,8.230675543692534,1.0
7.35292115339274,9.534681063936956,1.0
4.1653138806017616,14.428055058685295,1.0
19.599984328872715,2.443936258454098,1.0
1.3178754001025106,10.061300971021996,1.0
4.724555038742,16.26295326572857,1.0
6.177989410202334,13.54683719841111,1.0
18.190067069646105,6.4330145204926925,1.0
14.267385260381966,14.213307933323945,1.0
5.307437004760254,18.68879197358963,1.0
3.290026058773261,17.895524767026828,1.0
17.609948270530623,14.844695763502534,1.0
15.875662648636792,5.3220233770032515,1.0
0.7677486395280875,7.44974813873889,1.0
17.586016871931694,11.1683584224706,1.0
11.758794904209221,7.620977937128293,1.0
9.150743939727441,9.11493724124971,1.0
13.477037537665124,15.870518882353847,1.0
0.7888559707077514,2.0788026422023043,1.0
6.606424069393231,19.459931564543457,1.0
1.7609683561870404,14.092381324220772,1.0
13.672749295621005,17.294557367526508,1.0
7.960234304325946,15.633601078857469,1.0
9.579081835478817,8.64367427017762,1.0
5.796066783847442,18.850222867664293,1.0
15.765890402246507,5.061724342170637,1.0
0.9302536453550325,0.9249684637910471,1.0
5.622512927277166,1.937564605296065,1.0
11.81191723517756,4.014732438441562,1.0
15.802670048690782,10.781610726948829,1.0
12.031986718239086,4.472051051318742,1.0
14.609773373072708,16.706416397028093,1.0
0.47055829755656253,0.18677374485611242,1.0
5.09847178617086,14.91801857589348,1.0
0.8418351968474558,19.380156444840704,1.0
10.000247969375785,5.343664221699851,1.0
19.78280592281547,12.476310128568297,1.0
0.2706101621043788,14.295592698912102,1.0
8.81758076674511,6.539148358592682,1.0
0.09572836211769076,8.662531438256753,1.0
12.257772386586938,14.688176922295764,1.0
3.667174522561394,2.6230037437611253,1.0
14.254835675810565,2.8737194599764337,1.0
3.1929702394589587,7.508126454971038,1.0
16.571513104607202,4.568181036232836,1.0
4.123563274684631,6.139727875599988,1.0
7.044325476639015,3.0013136977180976,1.0
4.611569438465382,1.9327211967797187,1.0
16.153689849032926,18.31968062232678,1.0
9.805399111794129,6.917868169433938,1.0
17.476670117732482,11.3193251347018,1.0
2.601719453962088,10.94397530144798,1.0
9.979162207300762,9.00715096304622,1.0
15.532272679641679,14.9564116068488,1.0
19.62420337582273,6.6315291469294735,1.0
13.467554603890823,17.849549137146848,1.0
3.6600235957390748,1.3606644461417483,1.0
15.195459110960051,11.497791854501617,1.0
1.4927043024572217,6.781051539034808,1.0
15.2554492744156,7.278006897755878,1.0
16.556304618439444,6.101957884952167,1.0
11.18419432223654,12.071725990210684,1.0
9.854416596164556,4.688158590676967,1.0
18.730548453538876,5.886123993808385,1.0
0.0019390137534958107,5.709891810899055,1.0
0.1913378875702132,0.13590890682334766,1.0
5.039028462908803,7.432370189078245,1.0
10.113529265172364,0.9779470234492282,1.0
10.808333009921796,17.487524250408125,1.0
7.42584848049413,14.436452628068547,1.0
5.854227503903735,11.906142090546787,1.0
4.047346929478897,14.877566699772046,1.0
16.005637887922482,18.02188167583027,1.0
6.318458091638847,13.881811267409095,1.0
9.84935971094238,11.815126342570554,1.0
16.22581783408007,2.485184872509021,1.0
12.247178849202303,8.091653030443755,1.0
8.172169923542498,11.579024965218142,1.0
3.5380844472085493,12.056887316382651,1.0
7.953041796942002,19.215556735677133,1.0
9.704253074602365,4.110006421510503,1.0
19.8116918512821,13.263026551260012,1.0
5.683901518411711,5.128582813229007,1.0
3.3127935295846367,8.35522485020894,1.0
4.411510270308883,19.43900924219066,1.0
4.229346887137058,6.621548611821082,1.0
1.5209538114952315,7.240463307510803,1.0
7.298153968469072,8.791368969298865,1.0
5.694680495812849,0.8133557977831329,1.0
17.751775842867616,7.971404770088563,1.0
15.605192199128378,12.379701991415375,1.0
2.181299136946915,11.561599737004666,1.0
17.010069907348186,17.468254555775534,1.0
2.1919721381831314,12.823731156303538,1.0
14.40415493550489,11.13911889358662,1.0
11.456485958421966,12.812943141442062,1.0
1.7361676853495922,0.9523356682127804,1.0
18.106560721547336,19.922426971170108,1.0
17.49133029770753,3.0341083523893353,1.0
16.877034627238537,8.368937734708524,1.0
7.391347102346302,5.905029402873825,1.0
4.459028247509071,11.54433788191269,1.0
19.942233097175926,11.191220468952302,1.0
16.34676730959008,7.042286485195454,1.0
0.8425632125621263,19.472589279621204,1.0
7.465557557296565,15.025432781589343,1.0
16.243739514979694,17.79682725868452,1.0
10.56769393445759,9.108203907225958,1.0
4.942616512002569,11.9881217726891,1.0
15.85775860894987,8.269065515115566,1.0
5.235020878889351,6.085103308800026,1.0
0.007967601095035803,10.509411415021852,1.0
4.626378379114651,3.8193461785598526,1.0
19.86740577924962,4.282034478709027,1.0
13.124016686842124,10.21574836625815,1.0
4.413362441743473,0.27704148993037636,1.0
13.722794039574897,8.909742173499627,1.0
13.738737964436377,19.93401342707163,1.0
12.814855398737159,16.453659622998124,1.0
1.410970334437529,1.6692109297377988,1.0
4.859282339785942,13.117806340323341,1.0
17.41674385653877,4.507858600615542,1.0
14.694816386030434,2.3591170452487797,1.0
3.3563201196816683,6.973545255852256,1.0
5.9717892255309195,13.543336358649814,1.0
11.254440574712937,11.015291210457454,1.0
16.52891532045658,0.8792532706315104,1.0
4.010326127290136,17.135085386941626,1.0
2.0333058730697773,9.55190047220011,1.0
7.637377791812979,17.135524497367967,1.0
18.24706938505518,3.7530802310995615,1.0
5.210270385148485,1.6746653230082265,1.0
2.166087054261605,10.319393240829998,1.0
1.1188593055156515,9.09089325993244,1.0
7.033411117401136,0.2778879797969491,1.0
0.7525389053704523,0.7870917938153266,1.0
11.6606784246089,1.872656714627161,1.0
13.451136206405902,0.8135495984453689,1.0
9.209671799694764,3.514781346883238,1.0
14.822337074490573,11.510723022220024,1.0
10.020499288281638,9.53505239933019,1.0
14.04705241672324,19.59539465723218,1.0
4.61281811845935,1.4147426803268304,1.0
14.89224818922933,17.34831264201518,1.0
10.032744040107993,11.570395642802767,1.0
14.107376598180554,17.529510914251425,1.0
8.933955806327784,1.1142722070626987,1.0
10.118812191507626,1.9830704284320744,1.0
0.8307036595714679,17.261894354939084,1.0
9.786185812085293,11.407680528947628,1.0
2.845750043946489,11.169876021797108,1.0
2.849916939690913,0.2602533588325029,1.0
8.667008051190898,12.845056082328787,1.0
11.524295796518146,16.953289628751683,1.0
6.86097390383104,19.92252382198068,1.0
3.2098318052841623,8.659095814347232,1.0
14.82820833959903,6.228180921167361,1.0
19.261831455658722,8.09540649964488,1.0
14.672845719010112,4.560501926220139,1.0
1.5412846299485294,4.52197169467095,1.0
16.818163162504703,8.672872173303979,1.0
1.3502810082673933,13.69079016433718,1.0
8.726240971984979,13.214745771850009,1.0
18.577255986425584,15.449803365240689,1.0
5.26360207273089,4.336293761410477,1.0
